﻿<?xml version="1.0" encoding="utf-8" ?>
<Customers>
  <Customer>
    <CustomerID>1001</CustomerID>
    <CustomerName>John</CustomerName>
    <CustomerCity>BGL</CustomerCity>
  </Customer>

  <Customer>
    <CustomerID>1002</CustomerID>
    <CustomerName>Smith</CustomerName>
    <CustomerCity>BGL</CustomerCity>
  </Customer>

  <Customer>
    <CustomerID>1003</CustomerID>
    <CustomerName>Danny</CustomerName>
    <CustomerCity>Pune</CustomerCity>
  </Customer>


</Customers>